--
-- PostgreSQL database dump
--

-- Dumped from database version 17.2
-- Dumped by pg_dump version 17.2

SET statement_timeout = 0;
SET lock_timeout = 0;
SET idle_in_transaction_session_timeout = 0;
SET transaction_timeout = 0;
SET client_encoding = 'UTF8';
SET standard_conforming_strings = on;
SELECT pg_catalog.set_config('search_path', '', false);
SET check_function_bodies = false;
SET xmloption = content;
SET client_min_messages = warning;
SET row_security = off;

--
-- Name: sk-SK-x-icu; Type: COLLATION; Schema: public; Owner: -
--

CREATE COLLATION public."sk-SK-x-icu" (provider = libc, locale = 'sk_SK.utf8');


--
-- Name: unaccent; Type: EXTENSION; Schema: -; Owner: -
--

CREATE EXTENSION IF NOT EXISTS unaccent WITH SCHEMA public;


--
-- Name: EXTENSION unaccent; Type: COMMENT; Schema: -; Owner: -
--

COMMENT ON EXTENSION unaccent IS 'text search dictionary that removes accents';


SET default_tablespace = '';

SET default_table_access_method = heap;

--
-- Name: attachment; Type: TABLE; Schema: public; Owner: -
--

CREATE TABLE public.attachment (
    id bigint NOT NULL,
    creator character varying(36) NOT NULL,
    created_at timestamp without time zone NOT NULL,
    modified_at timestamp without time zone,
    deleted_at timestamp without time zone,
    name character varying(255) NOT NULL,
    mime_type character varying(255) NOT NULL,
    repair_log_id bigint NOT NULL
);


--
-- Name: customer; Type: TABLE; Schema: public; Owner: -
--

CREATE TABLE public.customer (
    id bigint NOT NULL,
    creator character varying(36) NOT NULL,
    created_at timestamp without time zone NOT NULL,
    modified_at timestamp without time zone,
    deleted_at timestamp without time zone,
    name character varying(64) NOT NULL COLLATE pg_catalog."sk-SK-x-icu",
    surname character varying(64) COLLATE pg_catalog."sk-SK-x-icu",
    mobile character varying(20),
    email character varying(320)
);


--
-- Name: file; Type: TABLE; Schema: public; Owner: -
--

CREATE TABLE public.file (
    id bigint NOT NULL,
    creator character varying(36) NOT NULL,
    created_at timestamp without time zone NOT NULL,
    modified_at timestamp without time zone,
    deleted_at timestamp without time zone,
    data bytea NOT NULL
);


--
-- Name: flyway_schema_history; Type: TABLE; Schema: public; Owner: -
--

CREATE TABLE public.flyway_schema_history (
    installed_rank integer NOT NULL,
    version character varying(50),
    description character varying(200) NOT NULL,
    type character varying(20) NOT NULL,
    script character varying(1000) NOT NULL,
    checksum integer,
    installed_by character varying(100) NOT NULL,
    installed_on timestamp without time zone DEFAULT now() NOT NULL,
    execution_time integer NOT NULL,
    success boolean NOT NULL
);


--
-- Name: repair_log; Type: TABLE; Schema: public; Owner: -
--

CREATE TABLE public.repair_log (
    id bigint NOT NULL,
    creator character varying(36) NOT NULL,
    created_at timestamp without time zone NOT NULL,
    modified_at timestamp without time zone,
    deleted_at timestamp without time zone,
    content character varying(5000) NOT NULL COLLATE pg_catalog."sk-SK-x-icu",
    repair_date date NOT NULL,
    vehicle_id bigint NOT NULL,
    odometer integer
);


--
-- Name: sq_attachment; Type: SEQUENCE; Schema: public; Owner: -
--

CREATE SEQUENCE public.sq_attachment
    START WITH 1
    INCREMENT BY 1
    NO MINVALUE
    NO MAXVALUE
    CACHE 1;


--
-- Name: sq_customer; Type: SEQUENCE; Schema: public; Owner: -
--

CREATE SEQUENCE public.sq_customer
    START WITH 1
    INCREMENT BY 1
    NO MINVALUE
    NO MAXVALUE
    CACHE 1;


--
-- Name: sq_repair_log; Type: SEQUENCE; Schema: public; Owner: -
--

CREATE SEQUENCE public.sq_repair_log
    START WITH 1
    INCREMENT BY 1
    NO MINVALUE
    NO MAXVALUE
    CACHE 1;


--
-- Name: sq_vehicle; Type: SEQUENCE; Schema: public; Owner: -
--

CREATE SEQUENCE public.sq_vehicle
    START WITH 1
    INCREMENT BY 1
    NO MINVALUE
    NO MAXVALUE
    CACHE 1;


--
-- Name: vehicle; Type: TABLE; Schema: public; Owner: -
--

CREATE TABLE public.vehicle (
    id bigint NOT NULL,
    creator character varying(36) NOT NULL,
    created_at timestamp without time zone NOT NULL,
    modified_at timestamp without time zone,
    deleted_at timestamp without time zone,
    registration_plate character varying(20) NOT NULL,
    customer_id bigint NOT NULL,
    vin character varying(20),
    engine_code character varying(20),
    fuel_type character varying(20),
    engine_power integer,
    engine_volume integer,
    battery_capacity integer,
    brand character varying(64) COLLATE pg_catalog."sk-SK-x-icu",
    model character varying(64) COLLATE pg_catalog."sk-SK-x-icu",
    year_of_manufacture integer
);


--
-- Data for Name: attachment; Type: TABLE DATA; Schema: public; Owner: -
--

INSERT INTO public.attachment (id, creator, created_at, modified_at, deleted_at, name, mime_type, repair_log_id) VALUES (1, '3c001cac-23e4-412f-91ab-91b290d6a755', '2025-01-19 09:36:38.69173', NULL, NULL, 'faktura.pdf', 'application/pdf', 3);
INSERT INTO public.attachment (id, creator, created_at, modified_at, deleted_at, name, mime_type, repair_log_id) VALUES (2, '3c001cac-23e4-412f-91ab-91b290d6a755', '2025-01-19 09:36:58.58207', NULL, NULL, 'faktura.txt', 'text/plain', 1);
INSERT INTO public.attachment (id, creator, created_at, modified_at, deleted_at, name, mime_type, repair_log_id) VALUES (3, '3c001cac-23e4-412f-91ab-91b290d6a755', '2025-01-19 09:36:58.608126', NULL, NULL, 'faktura.pdf', 'application/pdf', 1);


--
-- Data for Name: customer; Type: TABLE DATA; Schema: public; Owner: -
--

INSERT INTO public.customer (id, creator, created_at, modified_at, deleted_at, name, surname, mobile, email) VALUES (1, '3c001cac-23e4-412f-91ab-91b290d6a755', '2025-01-17 20:16:46.114621', NULL, NULL, 'Ján', 'Horák', '0900100100', 'jan.horak@email.test');
INSERT INTO public.customer (id, creator, created_at, modified_at, deleted_at, name, surname, mobile, email) VALUES (2, '3c001cac-23e4-412f-91ab-91b290d6a755', '2025-01-17 20:17:23.013363', NULL, NULL, 'František', 'Konečný', '0900100101', 'frantisek.konecny@email.test');
INSERT INTO public.customer (id, creator, created_at, modified_at, deleted_at, name, surname, mobile, email) VALUES (3, '3c001cac-23e4-412f-91ab-91b290d6a755', '2025-01-17 20:17:53.826568', NULL, NULL, 'Dávid', 'Suchý', '0900100102', 'david.suchy@email.test');
INSERT INTO public.customer (id, creator, created_at, modified_at, deleted_at, name, surname, mobile, email) VALUES (4, '3c001cac-23e4-412f-91ab-91b290d6a755', '2025-01-17 20:18:16.674616', NULL, NULL, 'Alžbeta', 'Sokolová', NULL, NULL);
INSERT INTO public.customer (id, creator, created_at, modified_at, deleted_at, name, surname, mobile, email) VALUES (5, '3c001cac-23e4-412f-91ab-91b290d6a755', '2025-01-17 20:18:36.045287', NULL, NULL, 'Dagmar', 'Balážová', NULL, 'dagmar.b@email.test');
INSERT INTO public.customer (id, creator, created_at, modified_at, deleted_at, name, surname, mobile, email) VALUES (6, '3c001cac-23e4-412f-91ab-91b290d6a755', '2025-01-17 20:18:55.739409', NULL, NULL, 'Martin', 'Krátky', '0900101000', NULL);
INSERT INTO public.customer (id, creator, created_at, modified_at, deleted_at, name, surname, mobile, email) VALUES (7, '3c001cac-23e4-412f-91ab-91b290d6a755', '2025-01-17 20:19:06.293797', NULL, NULL, 'Ferdinant', NULL, NULL, NULL);
INSERT INTO public.customer (id, creator, created_at, modified_at, deleted_at, name, surname, mobile, email) VALUES (8, '3c001cac-23e4-412f-91ab-91b290d6a755', '2025-01-17 20:19:13.988392', NULL, NULL, 'Matej', NULL, NULL, NULL);
INSERT INTO public.customer (id, creator, created_at, modified_at, deleted_at, name, surname, mobile, email) VALUES (9, '3c001cac-23e4-412f-91ab-91b290d6a755', '2025-01-17 20:19:31.029084', NULL, NULL, 'Ján', 'Novák', '0900101111', NULL);
INSERT INTO public.customer (id, creator, created_at, modified_at, deleted_at, name, surname, mobile, email) VALUES (10, '3c001cac-23e4-412f-91ab-91b290d6a755', '2025-01-17 20:19:48.73523', NULL, NULL, 'Martin', 'Novák', NULL, 'novak.martin@email.test');
INSERT INTO public.customer (id, creator, created_at, modified_at, deleted_at, name, surname, mobile, email) VALUES (11, '3c001cac-23e4-412f-91ab-91b290d6a755', '2025-01-17 20:20:17.976295', NULL, NULL, 'Jozef', NULL, NULL, NULL);
INSERT INTO public.customer (id, creator, created_at, modified_at, deleted_at, name, surname, mobile, email) VALUES (12, '3c001cac-23e4-412f-91ab-91b290d6a755', '2025-01-17 20:20:40.784167', NULL, NULL, 'Emília', 'Holubová', NULL, 'emilia@email.test');
INSERT INTO public.customer (id, creator, created_at, modified_at, deleted_at, name, surname, mobile, email) VALUES (13, '3c001cac-23e4-412f-91ab-91b290d6a755', '2025-01-17 20:20:58.284582', NULL, NULL, 'Pavol', NULL, '0900001001', NULL);


--
-- Data for Name: file; Type: TABLE DATA; Schema: public; Owner: -
--

INSERT INTO public.file (id, creator, created_at, modified_at, deleted_at, data) VALUES (1, '3c001cac-23e4-412f-91ab-91b290d6a755', '2025-01-19 09:36:38.692329', NULL, NULL, '\x255044462d312e370a25c3a4c3bcc3b6c39f0a322030206f626a0a3c3c2f4c656e6774682033203020522f46696c7465722f466c6174654465636f64653e3e0a73747265616d0a789c2d8f416bc3300c85effe1582dd76709e1c3bb62104ea24851d0a2b18762e6b323658cb8c61fdf95543117a481f4f0f04cdf4af9a5da9dfebe9b3523a8cea8f40d030815c74da7847c1b20e1d5359d4c72b5dd42caee6bd2cebb5fc9e6a5dce2f0679b9d5be6f0ee3db441886343d83a4ca974a59b94e07f25eb48d94cfd4ec991894d71e0c8356dac2a1136d45fd4602227648c23c464c42669923f60f3743b6c472cd4698156ab945149ec41fd94a8e136e366794b46ec83f6aceeab8fd70a43b865739f10a656e6473747265616d0a656e646f626a0a0a332030206f626a0a3139390a656e646f626a0a0a372030206f626a0a3c3c2f4c656e6774682038203020522f46696c7465722f466c6174654465636f64652f4c656e677468312031303430343e3e0a73747265616d0a789ce5587b785355b65ffb9c93579b3649d3a48f1472426829f6494311b0d043db84620b84966a03084d9b9444db2493a420e80c1551b13c47181c4766747ccc8c8cca29c8581491d1193f747ccc38cf4f1de13a8e776644717ccd9d4f9bdeb5774e4bc1c7fdbefbddffee69cfd96bafbdd7ebb7d6de67e724e30341d0c320f020f5f4fb63d282b93500f02200c9e9d990147b23820be9b300dca3bdb1f5fddf7b7ccdc700c25e00cd63ebfb36f5cefcf1c38d00fa26808ceb43417fc0ffda581980f504ea981342c6dda387d4d84719981eea4f5e9fa7ae5701e4e563bfbc2fdae39f6d3b68c57e13edf7fbaf8f2584461efb31ec8b117f7ff0ed976e45320fed656e884513c99570430ac0a9a5e3b17830f6fefe4fbab05f0aa0da8c3c827ff4d223a9a67d8e17546a8d569791a9cfca36184d39e65cf8ff74a95e54bd08df54b9c1025dec79d125cc875cd80830768ef6c6ce8dad4bd3a9ab5357ff5f7aa14d378fc1537008ee85d348dda20c6d876fc18370eaa2e94fc3f3f053d80927e06ed805b3bf52ed71d47323a3f6c3baafb64e7e0251b81e1e40bb37a3be27612d19223c7441126e8211b4ed1586856753adf02e3902cf121ddc40cab803e8c301785df527e1f75f507807fc04aec3e7e3f8bc9b32b80fe10e6e2144b8077937dc8e117671adc87e166d2f8307c86a588b2b2c8c5e0052a18b7495f057c26d700352039347545b3f1f86ccb18fd1e3db610f7a12866fc06a6853868f70b84a60176fc7681e85638cb7635c56fd101fe34e70dad1bbe0dbf8b714ff02102037c13df09354287510ee266ee286bda94fc7fe0e9b556e6e29e8c7de577df7f38f2002add00d1ef8db57a3a9f8f722183e9f3af621f719640b56c848fd16b3a65cfc6a308e4ec36aba7eec835457aa1de71804abea41d511d5b3b009d6a96f1242902bfc8a55dc6f535b30c6d7b12e9e40dc405abc7a95afb363657bdb0aeff2654b5b5bae5cd2bcd8e36e6a6c5824d52f5c5077c5fc79732f9f533babbaaab2a2bc744649f174e734873d3fd7643464676566e8b41ab54ae03902e5a24cbadc325f2c9a3c7ea7dbe96fae2817ddf9a1a68a72b7d3d3258b7e51c646287136373396d32f8b5da25c828d7f12bb4b967066ef2533a5f44c696226318a7550474d3845f9a526a7384256ade8447a5793d327caef317a29a38512d6c9c28ec38112cc2beaade8963d1b4243ee2ef4910c6766343a1b831915e5309c918964265272a933364c4a17124670a5eef9c31c68b3a8598cd4ed0fc8de159dee269bc3e1ab285f22673b9bd810343295b2ba51d630956298ba0e3bc4e1f253433b478cd0dd55a60f3803fe359d32ef47d921de3d34749b6c2a93673a9be4999bdfcec7c88372b9b3c92d9751ad2d6d13765a2e9824b2aad8e814873e010cc7f9deb98b397e85a32e367e029494b94699b4753ae865f320d643431ea7e819ea1af28f8c0d763b45a3736858af1f8ab9116ef076a28a91b12776d864cf4e9f6cec0a91f93e25744f5b8b6c5eb1ba53e68a3d62c88f1cfcaf773ae6da1ca68939deaf1a068405c141841d0e0ac38e1109bab1230faee84cf745e8b61d01a9aacc27735d74e4d4f888a5838e0c8e8f4c88773931b72ded9d43b250bc24e07423e23bfcf2603756d7b534314ea39cfda9cde11cca3189f3aa7c6cae885e2d09844559558220a1d46401ac1b2a3264649dec4fd3cd7b36345062ca11e739510dd5e376babb94ff0da17c542022d0cd65e94258d9294b4d48487e2563eee1ea2a94f07761c2c24d2c9972953326e73a1b26b24bdd7287db3b99882226e736cad0d5a348c9556eb6ae44f7505753da05aacbb9a2f338b8c6ce0ecf166d475db891fb9ae8646b235659897ba833d02bdbbb6c015c77bd62a7cd214b3eccb0cfd919f4d1b24384669eb5b1e2f0b15a59d9d9d2ee6c59b1aa73aee2487a80aa138add97a87176dad26ab000656db156ece46cbc0f271a91217a907036d4e153d6146bf13622e08c4b0bb7a14eec2436189f8d6ec8334577b0499947fb172955d1726a6c1ed7a6a65dd4d3d86c73f81ce9aba29cc36151318c125a0a6af3f8106e5338a0c5fa6c6c662c8a653e2d7ab1d31974fa9c215196bc9d34360a0f4359018361aee46ae545bd4960214ce0c0e1f10e0553f694d926832b2f66fd896ef325c34bc687c521adb3a57d882a772a0a013d5f22032d6169aec9c6f602baa09db8f78a465cd26c410f0d4b125dcca1f95489734960c8d9de59c766e37ef24ddb666a2b075a48cbca868a72dcda1a869d64fb8a61896c6f5fd579dc8867beed2b3b8f70846bec6af00d4fc7b1cee322be341897a35ccaa41d9176a8a636ec68d97cdb710960908d0a8cc1fa3d2304184f3bce23d033c2a579c6b4a1126648020e4784f488343e5b409e36cd1b643c760d03854cca50495a4927e9b92cce364c28eb08729ec033aa8ec0513dc922b661946a63ec113238ac936ce9198338434a7bb8bde382e98e559d47f58062ec89861ae885e5921fc264e36bc52d0668a1dce80b0d75f9e862032ba606ff894c9c0b314dce85e8885a2f6738830d72a6b381f2eb29bf3ecd5753be064b9458098a0f62eebd32a115b0bad3814b522c7cde36647c8f66ca879bca90f1af15e8dc167cebdfc4bd8fbf22343055d2ab41c303afd5a9e821bceaa5aa974c3964de3c93cbe49a55ed32394cbcc3e4d8c27337a550947b7f3487eb4fd16339c1d3070883784ed5408994a32144e038ad0e0495b0cea7e2490ed4d79799c045b5995c4c1b31394d8e5a8785fbe5c9945b982d3cf4d9d5c243070fe2910cb68e9d139608cb2013f2a054cacd51eb410df9053a83d7a733f216af8fb7427d19e4a3ca0bde1123e79cc6998c39ae9a1c7e7689739ada926b75d5cc11967cf6dedffe35fab78fdf7feaf6bbeedebb77ef3dbbb9a9a9f3a933643ac92679a420f58fd43b7ffcdd9f7efbeaeb7fc0384e8e7dc0ff5bb512cfdb73249b4aa7e372730dd63c93deeb3359b538eef5a908cf1303d4bbaa4c2e1ad30537981fe65a971991b2384cd4fce516b5735a49ade9e4a1f9d71339e5edf0df7aff433fbaef3efee1dda430f5ceeed1e4f2d669b757debe9fbb871d4761207535df846734239eefe74845a65c8457afd65bac39a6765f0e18b2bd3e8381d721063605838b70a01ea872a9cd19b534fa5a8af18c5a97856f3afbcaf2072a0edc3038940a732da74f173df96aa169e7b46d1bf95fee7ef5d4296afb16c4dd83b8e742212c97caf1a75e965a5360366bb2785b513e869e9f9f613422fe466306eff59d519f5773836aa2566758291cd75ca3f802f3f2aba84b798a4b2c3d2c1997e76593892c992c649a5ae3e048c30f77aebfbbf007e5efde7f2ef5ef77dffd30557ceb4115d75c44fef5b3977d4b2b6edc464a480ec924f6d45ba933f9e4d5c37791665a733f467fa70b2d5002cba4cb346abbb9b0400f0560560b334aed7a2b6f9de2f54161ac90cbe40b0bad463ec3ebd36878e62bf5d455b56eed35ccdd795f70962178f954e2126b6797cc985e496a67cf71d558f33495e83f16969d4ce584e97f7ff9e53f3aee317ff34e92dd1d4cfdd7eed6df3d2fbf5a785fe6f51b3f695fb3f1fe3d6da4f67b876fda61bf6af94fa5e5058bae8cb6effbd12d5b729bafbcb3aed96a2f5d36c07ee4801bd7ce6df88b2e03664b8504d46a4e97c173199c3e53c7193ad4a40931066241bf5dd75c53ef9a48760eadb959d50e2771113ba927c4c5fdeaf7a9e52f10bd69b67306c97d5e983f2ad58e0c6ce09e61b53588786dc7fc4e832a0848f32b0c058539da193344b1d0c057cfca295de1cbc9d117190aa205670ace178c15a832f98282a222abd75764d43bb1f261854fa5d2ea298208613adbb800288ea69c799372aee058acd4ff0c274d7b49adb1f8f25ab6343533721c35560b2e91e29a856401d1647308aab0b4d0d1b438b05aad5e34bcf507f792e7ce5d9bdc10ca385149369d7efeb2d1d7baf6b79ddc70a3db17d5c48ce1d8a66b1f3e40ae510957dc9c58d96922d39f1c4e557a57a8d77cafcd2770d53d6d6d018a2ddd4be662cc851092a6668146ad36e742aead28662660369abbcc31f3a0f99459ade3cd2363a724d136b5d96ccecf3762b15b69c1d8355b347b34bc46c2012c1e232b9e6b2e845e86b17fe3c2fa673b8011264a45d984b0ee717782ad84fbf867e78a4e190737fc60dfbeeff7ed369dccdaf88b4d9f8c01371537a36987f767af0effe2f5375fbab65fdff57d1f11d37bc21eac8f20ee093ac8823ac99ea9d7e37b4850a9b20d9919edbe4cd06abc3ead01045ec06d01cb44d995c63706e6583a1fb82dd53ac6b704eeefe4c6cf2f233f4afd9c7c74faf4eeddbbf9a9e99d80e2761c71b3634d1640959467d26a75243f5f576833592c68c462cdb26801f7c09a0bdbfac4f643d8c6873b8fcb949be7ace4c6936f22fddddfbae9c031f521c2f11cbff0fe4d471ec4026d3bb849be974b7cfec85397a9cae72d8f5d33fc22f79b74dc47d187068cdb020e982b4d295265676759118369cedc02dc8f738d599061e1ed58986c51d380ebb199e4cdf87b61863357ad71a67dd2b8e6b8c48bde100dbf7aeae3559c867b54fd9820acfe88dcf6c40d377f67fbb63b6fdbc44d4bbd9d7a67a43aa49ff390f05ecab768cde9d117cf3efffa9bbf79e137699c3ec44c58b0be2c3053cacd56ab351a8b352fdb6ce6da7c6663a6418de9b804237489d9c6f71f6e2d2e6b9e6b21e7aac9132cb1c00f9f7bcc56f0d352adaaa66bdbba502f7fc0fce19329817baaf5e59ea1582c5c6b4adb3ca7d443262c90a6900c9d86e705ad4e079942a63e8bd364100dd11a5478c0b1b00c29604caa51ba75ccc38d8368d0099789b87484bf2375c7b6c71e23afff36b584bc4c3eea4e45552f7eeee7b25255a377d25ca4ae161a042fbe919d3417536949e463454e2fb6d8301716a3dea0b5710e2faebdafcb8503536165a1cf704de52cae85e4d2d77543eafa4f3b54c231f56182a7879abbbff9dc334f6cbef9ce5b6ffdce2d9bb969a32f8c687f90c2841f9a23b87af2c3ebf04dfe97b77efefa9bbf7fee05fa71836422366be8370e7c839a2007df6550acb21497cc289941ebde64cdb3e6cdc89b51cb37e29b7ff737665b793c09fc9ee45be6ad37fe629f6ab790eb997aab50b7fb334785d5ac5bf7deeea4b21e506f01eacd856a294fe0cce6dc8cccdc4c8b3537c3a2c17389a0c1332ed4a703775d1cb579bce80a084d793af7c78fe9f8f03fc8da63e1c48df73ca67a31b5f98aa19752378f56718f6fdf76eceed15d68731fda2cc735a8835aa950c3132d872f828c4c352fe0db5730100de0c2870b0bfe4295a50dbb6a093d611187651ff7d0e816be75f42aee95dbf9921db77ffeda0ed47f94c684b59b3fbec6215f975f5088670e5ce3b998519d52415f58e38e8938d289cc73d1b7a3c5c4075838ca120ffff39143e3e1f0ede9f5fdd293cf8c56b16fbd5cc15d0f0c3ffacc3a43dd27604f7f673cddb8f9c717be5461c56d47c4e947484e6111fa8d6cf4ae499fb3c8259fb788f0129e695b612b9c04fa65ee16f831be5f07b1bf07737814d7eb39388a55721cd1c5f8613a5c09dbe1349c266ab2963c433ee562dcabbc9e5fc6dfcbbf26e40a2161bff0b29052d5314b16a80615a4772723be45d7e0e9f9386fc2d3331d9d4a2213fe5c35e11bc15abc4aa1393c1f07159ac777529f420b38e7568556e10ef71d85564336dca7d01ad80cb2426b21975ca6d03ac8260b153a832448ab42674211f7f4c457f54aee7585ce825a5ea7d0d950c82fa4de0b3aec3dcc772a3481a982a0d01c640bd3149a87d942b5420b3827a0d02a2814b62ab41a8a84830aad818f851185d642a9ea6185d64191ea770a9dc1bda3fa40a13361aef60f0aad8735ba6c85ce826b75d72a7436ccd6fdae29bc3e9c0c6f0e06c4803fe9177ba2b14df1f0fa50522ced9929d654cfaa161747a3ebfb826263341e8bc6fdc970345299d178e9b41ab10d5534fb93e5e292484f656bb83b989e2b2e8d46a26dc1f5037dfef8a2444f301208c6c50af192099774af0ac61394aea99c55597b61ec9299e184e81793717f20d8ef8f5f27467b2ff6418c07d78713c9601c99e188d851d95e297afdc9602429fa230171e584e0f2dede704f90317b82f1a41f2747932174f3da8178381108f7506b89ca09ef2721d19e0c6e088a4bfdc96430118d34f813680b3d6b8c0e24c29160b9b83114ee09891bfd0931104c84d74770b87b9378b19488a37e8c2612896e40a51b502c1eec8d0713a17064bd98f047126222180ff72a2ac464c89fa4b1f70793f1708fbfaf6f1366ad3f86a2dd98a68de16488da8f87d1d365c18d872ac7bd41807a115731dc1f8b473730472b123df1603082f6fc017f77b82f9c445d217fdcdf83b02176e19e048305d11063fe48857b201e8d05d1d9ab17b75e9888eea5214d44fb3604136c7624180c24684a02186a1f0aa1e1be68f43a1a526f348e6e0692a18a497ef7462349148d8afe40006347c0a23d03fd3459887572dc397f4f3c8a63b13e7f12b5f4272a43c9646c7e55d5c68d1b2bfd4a7e7a303d95a8b9eaebc6929b6241252571aaa5bfaf156b2042f337c0924c83685fd22a2e8f213e1e744e5426948be3d539ab72966202610cc79289ca44b8af321a5f5fb5dcd30a4d1086f57827f1de8c7b550044bcfdd8f723d5035188c12688b35921e48a508adc99d8d6e0de380b6f1116e3ac288ef7a1bc088d48c7518a3efd4c6f14225089bf761aff476d3548b5295e3433e972a496a07c0f6a6845b96e1c9dac5784a5ac8d32b9f5f806e8c3d1382c8204ca047124c02444a8c0fbeb357cfde8556c2431c1af418f66e15dfba5725faf338c7a448670928d501ffb99dfd7212f0abd5f8b8388f3822c6b091c09b25e8069a5ba3b70463b9be56592148324b31661b3567e89c5e568b117e57b5806c767f630ddb412d29aa348871434af45a4e3cc8300931b8f2d8196bf88fd97d7443bf36e03b3b994f1693fc1c61ab09f50e24a6346750c30fc23c8a7786c446fa8ed10a3fd0cd300d340eb2ba2487763c5895f6b4b5464fd4a6e222c731b144f3728d628cabdec99607623684344dacfa21699b71491de4bbc10196a7e968374defb7134c9e6f620bf0fff36296bad1f314a5bed5656d346b6364313f153a934a6cbb0dde898c6327d3136e90aea55ea955aa57ae32ca60b8856b02cd17882cc4b4af9d9daef46893e6637ed5788d5899f6539a8643dc9bc1f472da044496dc718a7024f6103cc668ce9a516aec69da2f54b35a6d19b5ca534337dccdfc424dd11e66d80f1a21348d3597d8aa574c47d6c47ba6e224bbdacf2d2680698b68aafc0bb97619354ac46994701fc4be73d5d6151941d60594cafac745d27bf809c9fe11b55e4626c674a2abef4b3951262751883f978b6ac42efe85f25abc6c9eba747593d958acf55ff6b39ea578c21387995c4277ce9471f5b957d2032b1fe0626ade4f14cb4e36ed4ca768e98523f1e0539f1120d74ed5cba77ce627be7c551a4ab318cfd24f327c1b0ac6431acc7f1e568a1959da3d3bf1636e24e76e9af01bc16959076206429749036a5bd8aacc4df7176d281ad1ddbe5e022cb90df8a2d1d5f000b481db678e627f3b1bd02fbb4ad25b38f0cda615125990d46bc397657e2880b9a490deeb483f82478a7b9b350ae1ab9067c12bcd3dc2ae4620b223ebbf0c6df36f81419a523954708748c908a230b68537e14c6ecb14526d2840ae8bd101534a282066c1b947e3df6174aeb3b60947ce22db57fe829b5ffd37399fd034fad7dcffbf7bc7ff87d3e7a7ecf79eee9f3e4def3c47e7eddf9e8791ece49e7b88c773d63f6ff7cbbc4fecedb0bec7f7d7baaddf03699f297b73c76c35b447acb63b5ffc7598ffde9b3af9c3d739697cebae678ce7af2ed27482e2c243968d72ce917f01d6716fcb9e3cd056f74c0a21c62458fe86dc1f00ee393605816f0e2cd2108d82726a99d1fb3ff99bcd121bee17d63f00df90dc1f006f9b5c5655ff76cf4d92dcff24f3f437eee2db1c74e12f164f5c95327f9d8c9c1939ce184fd045775a2fe44f4c4e113674ea88e3f52621747aa47bc23b191c11115fd725734629ee9313e4ec4c7bd8f0f3e2e3f2e0c1e938f7186a3f547cf1fe54748965476a8d93e28ef9539593e25ff5ae6ab0ed71fe6ee7d447e843bf5c8af1fe1aa1eae7f98bbe7a7e4d4a15f1fe216651103d4906c8c03f069c45b24f4c7888118250bf11eec3a183bc8df75a0c4fe5d4f89bdfa4ee94e0e7d387ac05ae4a1bee80e649b3c3fdc5f67bf77918eb8a10e6b6cb1d27a885b2a0dd8bf631bb31bf61fdefff47e5eda3f659647da6fb5e1436ff018f655edabdfb765dff97d2ac313440f51a29744ee8e5d25f66fb78fd9cfec25d57b897d6fd55e2eba77cb5e0ef618f7887b78f6e9724f7e9147dc5dbd9b5bbe6bddaee82ebe7a2731ecb4efacdac94b3b8d668ff169fcd92be25d8d373f768a641ec9133dc72921798db99e1d5b4becb75f5967df7edb02fb6ddbeaecb75e3966bfe71662dc266eabdec657df4cb66c25d2569dde93c0fc44b1b822781792fc8e02577e87c6c577a831b35d38b60eefe3636789e688bdc4c308c96e2ef2ac5dd56c5fe399655f8ded2a6ccd35391d2ac27708353c56baf698adce6ee0c9715240f28fd4daa5116cf24a3d2324432a46856d5e9bfdfc8ab1159cb4a276ae475a515cea79c54bceb49256cf147b8ba7d9ee1d2136a99b5c89f958828e35e3bd18efc31e72c673dec30d7a481eb174586b2c1d2662e830d6183a385c6904d757912d60b71bea0deb0c5b0c82c15065586e881af618ce18c60c9a7ae49d37f051c04d82dc6b252a3242f60eaf6c2f2b6b19d18cb5b5c83aef6a996c978bdbe9535ab14a566f97a163d5eace614276fb6ed9b50b1aa6b4c835ed9d72d7145f8b1c4042a2c42012c629c35668f0259289e44059fa220a9980b2b264125bd661237843d9f8456887942592c984c24109ec25cb06d8b32c911817a47391003483ea13b899a250b22c41f035840d4a51a3284d92c0c412f81837899ad626ca606d8275d7a2086a48a47d99f06d6d22ed6962dc22bbf201fe1b0b446cb60a656e6473747265616d0a656e646f626a0a0a382030206f626a0a363532340a656e646f626a0a0a392030206f626a0a3c3c2f547970652f466f6e7444657363726970746f722f466f6e744e616d652f4241414141412b4c696265726174696f6e4d6f6e6f0a2f466c61677320350a2f466f6e7442426f785b2d343831202d33303020373432203938315d2f4974616c6963416e676c6520300a2f417363656e74203833320a2f44657363656e74202d3330300a2f436170486569676874203938300a2f5374656d562038300a2f466f6e7446696c65322037203020520a3e3e0a656e646f626a0a0a31302030206f626a0a3c3c2f4c656e677468203331342f46696c7465722f466c6174654465636f64653e3e0a73747265616d0a789c5d924d6e83301085f79cc2cb74116193843412424a489058f447a53d00b187d45231967116dcbe1e0f6da52e40dfccbcb11ecfa455736e8cf6e9ab1b650b9ef5da2807d3787712d8156eda2422634a4bbf54f12d87ce2669d86de7c9c3d0987e2c8a247d0bb3c9bb99ad8e6abcc24392be38054e9b1b5b7d546da8dbbbb55f3080f18c2765c914f4e19ca7ce3e7703a4716bdda830d67e5e87953fc1fb6c8165b11664458e0a26db49709db94152705eb2a2aecb048cfa37cb38ad5c7bf9d9b9201541caf96e5b06ce22e735f226f23ef6b791338ebc23cd113927de21ef49bf417e24ce910fa411c847e2a839111f902bd2c773ced4cf902fd48f5c53ff145870eaa31f41fef30a79f1ff88bcf8479f82fce79718c8f2e5180ddedd4fe44cde9d0b71c70b8e3963c2dac0ef3f60478b5bf1f906eb6f9a0e0a656e6473747265616d0a656e646f626a0a0a31312030206f626a0a3c3c2f547970652f466f6e742f537562747970652f54727565547970652f42617365466f6e742f4241414141412b4c696265726174696f6e4d6f6e6f0a2f46697273744368617220300a2f4c617374436861722032300a2f5769647468735b302036303020363030203630302036303020363030203630302036303020363030203630302036303020363030203630302036303020363030203630300a36303020363030203630302036303020363030205d0a2f466f6e7444657363726970746f722039203020520a2f546f556e69636f6465203130203020520a3e3e0a656e646f626a0a0a31322030206f626a0a3c3c2f4631203131203020520a3e3e0a656e646f626a0a0a31332030206f626a0a3c3c0a2f466f6e74203132203020520a2f50726f635365745b2f5044462f546578745d0a3e3e0a656e646f626a0a0a312030206f626a0a3c3c2f547970652f506167652f506172656e742036203020522f5265736f7572636573203133203020522f4d65646961426f785b302030203539352e333033393337303037383734203834312e3838393736333737393532385d2f546162732f530a2f537472756374506172656e747320300a2f436f6e74656e74732032203020523e3e0a656e646f626a0a0a352030206f626a0a3c3c2f547970652f537472756374456c656d0a2f532f507265666f726d6174746564233230546578740a2f502034203020520a2f50672031203020520a2f41203c3c2f4f2f4c61796f75742f506c6163656d656e742f426c6f636b0a3e3e0a2f4b5b30205d0a3e3e0a656e646f626a0a0a342030206f626a0a3c3c2f547970652f537472756374456c656d0a2f532f446f63756d656e740a2f50203134203020520a2f50672031203020520a2f4b5b352030205220205d0a3e3e0a656e646f626a0a0a31342030206f626a0a3c3c2f547970652f53747275637454726565526f6f740a2f506172656e7454726565203135203020520a2f526f6c654d61703c3c2f507265666f726d6174746564233230546578742f500a3e3e0a2f4b5b342030205220205d0a3e3e0a656e646f626a0a0a31352030206f626a0a3c3c2f4e756d735b0a30205b203520302052205d0a5d3e3e0a656e646f626a0a0a362030206f626a0a3c3c2f547970652f50616765730a2f5265736f7572636573203133203020520a2f4b6964735b203120302052205d0a2f436f756e7420313e3e0a656e646f626a0a0a31362030206f626a0a3c3c2f547970652f436174616c6f672f50616765732036203020520a2f506167654d6f64652f5573654f75746c696e65730a2f4f70656e416374696f6e5b3120302052202f58595a206e756c6c206e756c6c20305d0a2f53747275637454726565526f6f74203134203020520a2f4c616e6728656e2d5553290a2f4d61726b496e666f3c3c2f4d61726b656420747275653e3e0a3e3e0a656e646f626a0a0a31372030206f626a0a3c3c2f43726561746f723c464546463030353730303732303036393030373430303635303037323e0a2f50726f64756365723c46454646303034433030363930303632303037323030363530303446303036363030363630303639303036333030363530303230303033323030333430303245303033323e0a2f4372656174696f6e4461746528443a32303235303131393130333631322b303127303027293e3e0a656e646f626a0a0a787265660a302031380a303030303030303030302036353533352066200a30303030303037383434203030303030206e200a30303030303030303139203030303030206e200a30303030303030323839203030303030206e200a30303030303038313134203030303030206e200a30303030303037393933203030303030206e200a30303030303038333438203030303030206e200a30303030303030333039203030303030206e200a30303030303036393138203030303030206e200a30303030303036393339203030303030206e200a30303030303037313332203030303030206e200a30303030303037353136203030303030206e200a30303030303037373535203030303030206e200a30303030303037373838203030303030206e200a30303030303038313936203030303030206e200a30303030303038333036203030303030206e200a30303030303038343232203030303030206e200a30303030303038353930203030303030206e200a747261696c65720a3c3c2f53697a652031382f526f6f74203136203020520a2f496e666f203137203020520a2f4944205b203c46443441453430464532464439393832343136314135333045304231353846423e0a3c46443441453430464532464439393832343136314135333045304231353846423e205d0a2f446f63436865636b73756d202f38394632354546383642313738453946333531384637363534323245413236460a3e3e0a7374617274787265660a383736390a2525454f460a');
INSERT INTO public.file (id, creator, created_at, modified_at, deleted_at, data) VALUES (2, '3c001cac-23e4-412f-91ab-91b290d6a755', '2025-01-19 09:36:58.582315', NULL, NULL, '\x546f746f206a6520746573746f76616369207375626f7220616b6f207072696c6f6861206b207a61706973616e656a206f7072617665');
INSERT INTO public.file (id, creator, created_at, modified_at, deleted_at, data) VALUES (3, '3c001cac-23e4-412f-91ab-91b290d6a755', '2025-01-19 09:36:58.608253', NULL, NULL, '\x255044462d312e370a25c3a4c3bcc3b6c39f0a322030206f626a0a3c3c2f4c656e6774682033203020522f46696c7465722f466c6174654465636f64653e3e0a73747265616d0a789c2d8f416bc3300c85effe1582dd76709e1c3bb62104ea24851d0a2b18762e6b323658cb8c61fdf95543117a481f4f0f04cdf4af9a5da9dfebe9b3523a8cea8f40d030815c74da7847c1b20e1d5359d4c72b5dd42caee6bd2cebb5fc9e6a5dce2f0679b9d5be6f0ee3db441886343d83a4ca974a59b94e07f25eb48d94cfd4ec991894d71e0c8356dac2a1136d45fd4602227648c23c464c42669923f60f3743b6c472cd4698156ab945149ec41fd94a8e136e366794b46ec83f6aceeab8fd70a43b865739f10a656e6473747265616d0a656e646f626a0a0a332030206f626a0a3139390a656e646f626a0a0a372030206f626a0a3c3c2f4c656e6774682038203020522f46696c7465722f466c6174654465636f64652f4c656e677468312031303430343e3e0a73747265616d0a789ce5587b785355b65ffb9c93579b3649d3a48f1472426829f6494311b0d043db84620b84966a03084d9b9444db2493a420e80c1551b13c47181c4766747ccc8c8cca29c8581491d1193f747ccc38cf4f1de13a8e776644717ccd9d4f9bdeb5774e4bc1c7fdbefbddffee69cfd96bafbdd7ebb7d6de67e724e30341d0c320f020f5f4fb63d282b93500f02200c9e9d990147b23820be9b300dca3bdb1f5fddf7b7ccdc700c25e00cd63ebfb36f5cefcf1c38d00fa26808ceb43417fc0ffda581980f504ea981342c6dda387d4d84719981eea4f5e9fa7ae5701e4e563bfbc2fdae39f6d3b68c57e13edf7fbaf8f2584461efb31ec8b117f7ff0ed976e45320fed656e884513c99570430ac0a9a5e3b17830f6fefe4fbab05f0aa0da8c3c827ff4d223a9a67d8e17546a8d569791a9cfca36184d39e65cf8ff74a95e54bd08df54b9c1025dec79d125cc875cd80830768ef6c6ce8dad4bd3a9ab5357ff5f7aa14d378fc1537008ee85d348dda20c6d876fc18370eaa2e94fc3f3f053d80927e06ed805b3bf52ed71d47323a3f6c3baafb64e7e0251b81e1e40bb37a3be27612d19223c7441126e8211b4ed1586856753adf02e3902cf121ddc40cab803e8c301785df527e1f75f507807fc04aec3e7e3f8bc9b32b80fe10e6e2144b8077937dc8e117671adc87e166d2f8307c86a588b2b2c8c5e0052a18b7495f057c26d700352039347545b3f1f86ccb18fd1e3db610f7a12866fc06a6853868f70b84a60176fc7681e85638cb7635c56fd101fe34e70dad1bbe0dbf8b714ff02102037c13df09354287510ee266ee286bda94fc7fe0e9b556e6e29e8c7de577df7f38f2002add00d1ef8db57a3a9f8f722183e9f3af621f719640b56c848fd16b3a65cfc6a308e4ec36aba7eec835457aa1de71804abea41d511d5b3b009d6a96f1242902bfc8a55dc6f535b30c6d7b12e9e40dc405abc7a95afb363657bdb0aeff2654b5b5bae5cd2bcd8e36e6a6c5824d52f5c5077c5fc79732f9f533babbaaab2a2bc744649f174e734873d3fd7643464676566e8b41ab54ae03902e5a24cbadc325f2c9a3c7ea7dbe96fae2817ddf9a1a68a72b7d3d3258b7e51c646287136373396d32f8b5da25c828d7f12bb4b967066ef2533a5f44c696226318a7550474d3845f9a526a7384256ade8447a5793d327caef317a29a38512d6c9c28ec38112cc2beaade8963d1b4243ee2ef4910c6766343a1b831915e5309c918964265272a933364c4a17124670a5eef9c31c68b3a8598cd4ed0fc8de159dee269bc3e1ab285f22673b9bd810343295b2ba51d630956298ba0e3bc4e1f253433b478cd0dd55a60f3803fe359d32ef47d921de3d34749b6c2a93673a9be4999bdfcec7c88372b9b3c92d9751ad2d6d13765a2e9824b2aad8e814873e010cc7f9deb98b397e85a32e367e029494b94699b4753ae865f320d643431ea7e819ea1af28f8c0d763b45a3736858af1f8ab9116ef076a28a91b12776d864cf4e9f6cec0a91f93e25744f5b8b6c5eb1ba53e68a3d62c88f1cfcaf773ae6da1ca68939deaf1a068405c141841d0e0ac38e1109bab1230faee84cf745e8b61d01a9aacc27735d74e4d4f888a5838e0c8e8f4c88773931b72ded9d43b250bc24e07423e23bfcf2603756d7b534314ea39cfda9cde11cca3189f3aa7c6cae885e2d09844559558220a1d46401ac1b2a3264649dec4fd3cd7b36345062ca11e739510dd5e376babb94ff0da17c542022d0cd65e94258d9294b4d48487e2563eee1ea2a94f07761c2c24d2c9972953326e73a1b26b24bdd7287db3b99882226e736cad0d5a348c9556eb6ae44f7505753da05aacbb9a2f338b8c6ce0ecf166d475db891fb9ae8646b235659897ba833d02bdbbb6c015c77bd62a7cd214b3eccb0cfd919f4d1b24384669eb5b1e2f0b15a59d9d9d2ee6c59b1aa73aee2487a80aa138add97a87176dad26ab000656db156ece46cbc0f271a91217a907036d4e153d6146bf13622e08c4b0bb7a14eec2436189f8d6ec8334577b0499947fb172955d1726a6c1ed7a6a65dd4d3d86c73f81ce9aba29cc36151318c125a0a6af3f8106e5338a0c5fa6c6c662c8a653e2d7ab1d31974fa9c215196bc9d34360a0f4359018361aee46ae545bd4960214ce0c0e1f10e0553f694d926832b2f66fd896ef325c34bc687c521adb3a57d882a772a0a013d5f22032d6169aec9c6f602baa09db8f78a465cd26c410f0d4b125dcca1f95489734960c8d9de59c766e37ef24ddb666a2b075a48cbca868a72dcda1a869d64fb8a61896c6f5fd579dc8867beed2b3b8f70846bec6af00d4fc7b1cee322be341897a35ccaa41d9176a8a636ec68d97cdb710960908d0a8cc1fa3d2304184f3bce23d033c2a579c6b4a1126648020e4784f488343e5b409e36cd1b643c760d03854cca50495a4927e9b92cce364c28eb08729ec033aa8ec0513dc922b661946a63ec113238ac936ce9198338434a7bb8bde382e98e559d47f58062ec89861ae885e5921fc264e36bc52d0668a1dce80b0d75f9e862032ba606ff894c9c0b314dce85e8885a2f6738830d72a6b381f2eb29bf3ecd5753be064b9458098a0f62eebd32a115b0bad3814b522c7cde36647c8f66ca879bca90f1af15e8dc167cebdfc4bd8fbf22343055d2ab41c303afd5a9e821bceaa5aa974c3964de3c93cbe49a55ed32394cbcc3e4d8c27337a550947b7f3487eb4fd16339c1d3070883784ed5408994a32144e038ad0e0495b0cea7e2490ed4d79799c045b5995c4c1b31394d8e5a8785fbe5c9945b982d3cf4d9d5c243070fe2910cb68e9d139608cb2013f2a054cacd51eb410df9053a83d7a733f216af8fb7427d19e4a3ca0bde1123e79cc6998c39ae9a1c7e7689739ada926b75d5cc11967cf6dedffe35fab78fdf7feaf6bbeedebb77ef3dbbb9a9a9f3a933643ac92679a420f58fd43b7ffcdd9f7efbeaeb7fc0384e8e7dc0ff5bb512cfdb73249b4aa7e372730dd63c93deeb3359b538eef5a908cf1303d4bbaa4c2e1ad30537981fe65a971991b2384cd4fce516b5735a49ade9e4a1f9d71339e5edf0df7aff433fbaef3efee1dda430f5ceeed1e4f2d669b757debe9fbb871d4761207535df846734239eefe74845a65c8457afd65bac39a6765f0e18b2bd3e8381d721063605838b70a01ea872a9cd19b534fa5a8af18c5a97856f3afbcaf2072a0edc3038940a732da74f173df96aa169e7b46d1bf95fee7ef5d4296afb16c4dd83b8e742212c97caf1a75e965a5360366bb2785b513e869e9f9f613422fe466306eff59d519f5773836aa2566758291cd75ca3f802f3f2aba84b798a4b2c3d2c1997e76593892c992c649a5ae3e048c30f77aebfbbf007e5efde7f2ef5ef77dffd30557ceb4115d75c44fef5b3977d4b2b6edc464a480ec924f6d45ba933f9e4d5c37791665a733f467fa70b2d5002cba4cb346abbb9b0400f0560560b334aed7a2b6f9de2f54161ac90cbe40b0bad463ec3ebd36878e62bf5d455b56eed35ccdd795f70962178f954e2126b6797cc985e496a67cf71d558f33495e83f16969d4ce584e97f7ff9e53f3aee317ff34e92dd1d4cfdd7eed6df3d2fbf5a785fe6f51b3f695fb3f1fe3d6da4f67b876fda61bf6af94fa5e5058bae8cb6effbd12d5b729bafbcb3aed96a2f5d36c07ee4801bd7ce6df88b2e03664b8504d46a4e97c173199c3e53c7193ad4a40931066241bf5dd75c53ef9a48760eadb959d50e2771113ba927c4c5fdeaf7a9e52f10bd69b67306c97d5e983f2ad58e0c6ce09e61b53588786dc7fc4e832a0848f32b0c058539da193344b1d0c057cfca295de1cbc9d117190aa205670ace178c15a832f98282a222abd75764d43bb1f261854fa5d2ea298208613adbb800288ea69c799372aee058acd4ff0c274d7b49adb1f8f25ab6343533721c35560b2e91e29a856401d1647308aab0b4d0d1b438b05aad5e34bcf507f792e7ce5d9bdc10ca385149369d7efeb2d1d7baf6b79ddc70a3db17d5c48ce1d8a66b1f3e40ae510957dc9c58d96922d39f1c4e557a57a8d77cafcd2770d53d6d6d018a2ddd4be662cc851092a6668146ad36e742aead28662660369abbcc31f3a0f99459ade3cd2363a724d136b5d96ccecf3762b15b69c1d8355b347b34bc46c2012c1e232b9e6b2e845e86b17fe3c2fa673b8011264a45d984b0ee717782ad84fbf867e78a4e190737fc60dfbeeff7ed369dccdaf88b4d9f8c01371537a36987f767af0effe2f5375fbab65fdff57d1f11d37bc21eac8f20ee093ac8823ac99ea9d7e37b4850a9b20d9919edbe4cd06abc3ead01045ec06d01cb44d995c63706e6583a1fb82dd53ac6b704eeefe4c6cf2f233f4afd9c7c74faf4eeddbbf9a9e99d80e2761c71b3634d1640959467d26a75243f5f576833592c68c462cdb26801f7c09a0bdbfac4f643d8c6873b8fcb949be7ace4c6936f22fddddfbae9c031f521c2f11cbff0fe4d471ec4026d3bb849be974b7cfec85397a9cae72d8f5d33fc22f79b74dc47d187068cdb020e982b4d295265676759118369cedc02dc8f738d599061e1ed58986c51d380ebb199e4cdf87b61863357ad71a67dd2b8e6b8c48bde100dbf7aeae3559c867b54fd9820acfe88dcf6c40d377f67fbb63b6fdbc44d4bbd9d7a67a43aa49ff390f05ecab768cde9d117cf3efffa9bbf79e137699c3ec44c58b0be2c3053cacd56ab351a8b352fdb6ce6da7c6663a6418de9b804237489d9c6f71f6e2d2e6b9e6b21e7aac9132cb1c00f9f7bcc56f0d352adaaa66bdbba502f7fc0fce19329817baaf5e59ea1582c5c6b4adb3ca7d443262c90a6900c9d86e705ad4e079942a63e8bd364100dd11a5478c0b1b00c29604caa51ba75ccc38d8368d0099789b87484bf2375c7b6c71e23afff36b584bc4c3eea4e45552f7eeee7b25255a377d25ca4ae161a042fbe919d3417536949e463454e2fb6d8301716a3dea0b5710e2faebdafcb8503536165a1cf704de52cae85e4d2d77543eafa4f3b54c231f56182a7879abbbff9dc334f6cbef9ce5b6ffdce2d9bb969a32f8c687f90c2841f9a23b87af2c3ebf04dfe97b77efefa9bbf7fee05fa71836422366be8370e7c839a2007df6550acb21497cc289941ebde64cdb3e6cdc89b51cb37e29b7ff737665b793c09fc9ee45be6ad37fe629f6ab790eb997aab50b7fb334785d5ac5bf7deeea4b21e506f01eacd856a294fe0cce6dc8cccdc4c8b3537c3a2c17389a0c1332ed4a703775d1cb579bce80a084d793af7c78fe9f8f03fc8da63e1c48df73ca67a31b5f98aa19752378f56718f6fdf76eceed15d68731fda2cc735a8835aa950c3132d872f828c4c352fe0db5730100de0c2870b0bfe4295a50dbb6a093d611187651ff7d0e816be75f42aee95dbf9921db77ffeda0ed47f94c684b59b3fbec6215f975f5088670e5ce3b998519d52415f58e38e8938d289cc73d1b7a3c5c4075838ca120ffff39143e3e1f0ede9f5fdd293cf8c56b16fbd5cc15d0f0c3ffacc3a43dd27604f7f673cddb8f9c717be5461c56d47c4e947484e6111fa8d6cf4ae499fb3c8259fb788f0129e695b612b9c04fa65ee16f831be5f07b1bf07737814d7eb39388a55721cd1c5f8613a5c09dbe1349c266ab2963c433ee562dcabbc9e5fc6dfcbbf26e40a2161bff0b29052d5314b16a80615a4772723be45d7e0e9f9386fc2d3331d9d4a2213fe5c35e11bc15abc4aa1393c1f07159ac777529f420b38e7568556e10ef71d85564336dca7d01ad80cb2426b21975ca6d03ac8260b153a832448ab42674211f7f4c457f54aee7585ce825a5ea7d0d950c82fa4de0b3aec3dcc772a3481a982a0d01c640bd3149a87d942b5420b3827a0d02a2814b62ab41a8a84830aad818f851185d642a9ea6185d64191ea770a9dc1bda3fa40a13361aef60f0aad8735ba6c85ce826b75d72a7436ccd6fdae29bc3e9c0c6f0e06c4803fe9177ba2b14df1f0fa50522ced9929d654cfaa161747a3ebfb826263341e8bc6fdc970345299d178e9b41ab10d5534fb93e5e292484f656bb83b989e2b2e8d46a26dc1f5037dfef8a2444f301208c6c50af192099774af0ac61394aea99c55597b61ec9299e184e81793717f20d8ef8f5f27467b2ff6418c07d78713c9601c99e188d851d95e297afdc9602429fa230171e584e0f2dede704f90317b82f1a41f2747932174f3da8178381108f7506b89ca09ef2721d19e0c6e088a4bfdc96430118d34f813680b3d6b8c0e24c29160b9b83114ee09891bfd0931104c84d74770b87b9378b19488a37e8c2612896e40a51b502c1eec8d0713a17064bd98f047126222180ff72a2ac464c89fa4b1f70793f1708fbfaf6f1366ad3f86a2dd98a68de16488da8f87d1d365c18d872ac7bd41807a115731dc1f8b473730472b123df1603082f6fc017f77b82f9c445d217fdcdf83b02176e19e048305d11063fe48857b201e8d05d1d9ab17b75e9888eea5214d44fb3604136c7624180c24684a02186a1f0aa1e1be68f43a1a526f348e6e0692a18a497ef7462349148d8afe40006347c0a23d03fd3459887572dc397f4f3c8a63b13e7f12b5f4272a43c9646c7e55d5c68d1b2bfd4a7e7a303d95a8b9eaebc6929b6241252571aaa5bfaf156b2042f337c0924c83685fd22a2e8f213e1e744e5426948be3d539ab72966202610cc79289ca44b8af321a5f5fb5dcd30a4d1086f57827f1de8c7b550044bcfdd8f723d5035188c12688b35921e48a508adc99d8d6e0de380b6f1116e3ac288ef7a1bc088d48c7518a3efd4c6f14225089bf761aff476d3548b5295e3433e972a496a07c0f6a6845b96e1c9dac5784a5ac8d32b9f5f806e8c3d1382c8204ca047124c02444a8c0fbeb357cfde8556c2431c1af418f66e15dfba5725faf338c7a448670928d501ffb99dfd7212f0abd5f8b8388f3822c6b091c09b25e8069a5ba3b70463b9be56592148324b31661b3567e89c5e568b117e57b5806c767f630ddb412d29aa348871434af45a4e3cc8300931b8f2d8196bf88fd97d7443bf36e03b3b994f1693fc1c61ab09f50e24a6346750c30fc23c8a7786c446fa8ed10a3fd0cd300d340eb2ba2487763c5895f6b4b5464fd4a6e222c731b144f3728d628cabdec99607623684344dacfa21699b71491de4bbc10196a7e968374defb7134c9e6f620bf0fff36296bad1f314a5bed5656d346b6364313f153a934a6cbb0dde898c6327d3136e90aea55ea955aa57ae32ca60b8856b02cd17882cc4b4af9d9daef46893e6637ed5788d5899f6539a8643dc9bc1f472da044496dc718a7024f6103cc668ce9a516aec69da2f54b35a6d19b5ca534337dccdfc424dd11e66d80f1a21348d3597d8aa574c47d6c47ba6e224bbdacf2d2680698b68aafc0bb97619354ac46994701fc4be73d5d6151941d60594cafac745d27bf809c9fe11b55e4626c674a2abef4b3951262751883f978b6ac42efe85f25abc6c9eba747593d958acf55ff6b39ea578c21387995c4277ce9471f5b957d2032b1fe0626ade4f14cb4e36ed4ca768e98523f1e0539f1120d74ed5cba77ce627be7c551a4ab318cfd24f327c1b0ac6431acc7f1e568a1959da3d3bf1636e24e76e9af01bc16959076206429749036a5bd8aacc4df7176d281ad1ddbe5e022cb90df8a2d1d5f000b481db678e627f3b1bd02fbb4ad25b38f0cda615125990d46bc397657e2880b9a490deeb483f82478a7b9b350ae1ab9067c12bcd3dc2ae4620b223ebbf0c6df36f81419a523954708748c908a230b68537e14c6ecb14526d2840ae8bd101534a282066c1b947e3df6174aeb3b60947ce22db57fe829b5ffd37399fd034fad7dcffbf7bc7ff87d3e7a7ecf79eee9f3e4def3c47e7eddf9e8791ece49e7b88c773d63f6ff7cbbc4fecedb0bec7f7d7baaddf03699f297b73c76c35b447acb63b5ffc7598ffde9b3af9c3d739697cebae678ce7af2ed27482e2c243968d72ce917f01d6716fcb9e3cd056f74c0a21c62458fe86dc1f00ee393605816f0e2cd2108d82726a99d1fb3ff99bcd121bee17d63f00df90dc1f006f9b5c5655ff76cf4d92dcff24f3f437eee2db1c74e12f164f5c95327f9d8c9c1939ce184fd045775a2fe44f4c4e113674ea88e3f52621747aa47bc23b191c11115fd725734629ee9313e4ec4c7bd8f0f3e2e3f2e0c1e938f7186a3f547cf1fe54748965476a8d93e28ef9539593e25ff5ae6ab0ed71fe6ee7d447e843bf5c8af1fe1aa1eae7f98bbe7a7e4d4a15f1fe216651103d4906c8c03f069c45b24f4c7888118250bf11eec3a183bc8df75a0c4fe5d4f89bdfa4ee94e0e7d387ac05ae4a1bee80e649b3c3fdc5f67bf77918eb8a10e6b6cb1d27a885b2a0dd8bf631bb31bf61fdefff47e5eda3f659647da6fb5e1436ff018f655edabdfb765dff97d2ac313440f51a29744ee8e5d25f66fb78fd9cfec25d57b897d6fd55e2eba77cb5e0ef618f7887b78f6e9724f7e9147dc5dbd9b5bbe6bddaee82ebe7a2731ecb4efacdac94b3b8d668ff169fcd92be25d8d373f768a641ec9133dc72921798db99e1d5b4becb75f5967df7edb02fb6ddbeaecb75e3966bfe71662dc266eabdec657df4cb66c25d2569dde93c0fc44b1b822781792fc8e02577e87c6c577a831b35d38b60eefe3636789e688bdc4c308c96e2ef2ac5dd56c5fe399655f8ded2a6ccd35391d2ac27708353c56baf698adce6ee0c9715240f28fd4daa5116cf24a3d2324432a46856d5e9bfdfc8ab1159cb4a276ae475a515cea79c54bceb49256cf147b8ba7d9ee1d2136a99b5c89f958828e35e3bd18efc31e72c673dec30d7a481eb174586b2c1d2662e830d6183a385c6904d757912d60b71bea0deb0c5b0c82c15065586e881af618ce18c60c9a7ae49d37f051c04d82dc6b252a3242f60eaf6c2f2b6b19d18cb5b5c83aef6a996c978bdbe9535ab14a566f97a163d5eace614276fb6ed9b50b1aa6b4c835ed9d72d7145f8b1c4042a2c42012c629c35668f0259289e44059fa220a9980b2b264125bd661237843d9f8456887942592c984c24109ec25cb06d8b32c911817a47391003483ea13b899a250b22c41f035840d4a51a3284d92c0c412f81837899ad626ca606d8275d7a2086a48a47d99f06d6d22ed6962dc22bbf201fe1b0b446cb60a656e6473747265616d0a656e646f626a0a0a382030206f626a0a363532340a656e646f626a0a0a392030206f626a0a3c3c2f547970652f466f6e7444657363726970746f722f466f6e744e616d652f4241414141412b4c696265726174696f6e4d6f6e6f0a2f466c61677320350a2f466f6e7442426f785b2d343831202d33303020373432203938315d2f4974616c6963416e676c6520300a2f417363656e74203833320a2f44657363656e74202d3330300a2f436170486569676874203938300a2f5374656d562038300a2f466f6e7446696c65322037203020520a3e3e0a656e646f626a0a0a31302030206f626a0a3c3c2f4c656e677468203331342f46696c7465722f466c6174654465636f64653e3e0a73747265616d0a789c5d924d6e83301085f79cc2cb74116193843412424a489058f447a53d00b187d45231967116dcbe1e0f6da52e40dfccbcb11ecfa455736e8cf6e9ab1b650b9ef5da2807d3787712d8156eda2422634a4bbf54f12d87ce2669d86de7c9c3d0987e2c8a247d0bb3c9bb99ad8e6abcc24392be38054e9b1b5b7d546da8dbbbb55f3080f18c2765c914f4e19ca7ce3e7703a4716bdda830d67e5e87953fc1fb6c8165b11664458e0a26db49709db94152705eb2a2aecb048cfa37cb38ad5c7bf9d9b9201541caf96e5b06ce22e735f226f23ef6b791338ebc23cd113927de21ef49bf417e24ce910fa411c847e2a839111f902bd2c773ced4cf902fd48f5c53ff145870eaa31f41fef30a79f1ff88bcf8479f82fce79718c8f2e5180ddedd4fe44cde9d0b71c70b8e3963c2dac0ef3f60478b5bf1f906eb6f9a0e0a656e6473747265616d0a656e646f626a0a0a31312030206f626a0a3c3c2f547970652f466f6e742f537562747970652f54727565547970652f42617365466f6e742f4241414141412b4c696265726174696f6e4d6f6e6f0a2f46697273744368617220300a2f4c617374436861722032300a2f5769647468735b302036303020363030203630302036303020363030203630302036303020363030203630302036303020363030203630302036303020363030203630300a36303020363030203630302036303020363030205d0a2f466f6e7444657363726970746f722039203020520a2f546f556e69636f6465203130203020520a3e3e0a656e646f626a0a0a31322030206f626a0a3c3c2f4631203131203020520a3e3e0a656e646f626a0a0a31332030206f626a0a3c3c0a2f466f6e74203132203020520a2f50726f635365745b2f5044462f546578745d0a3e3e0a656e646f626a0a0a312030206f626a0a3c3c2f547970652f506167652f506172656e742036203020522f5265736f7572636573203133203020522f4d65646961426f785b302030203539352e333033393337303037383734203834312e3838393736333737393532385d2f546162732f530a2f537472756374506172656e747320300a2f436f6e74656e74732032203020523e3e0a656e646f626a0a0a352030206f626a0a3c3c2f547970652f537472756374456c656d0a2f532f507265666f726d6174746564233230546578740a2f502034203020520a2f50672031203020520a2f41203c3c2f4f2f4c61796f75742f506c6163656d656e742f426c6f636b0a3e3e0a2f4b5b30205d0a3e3e0a656e646f626a0a0a342030206f626a0a3c3c2f547970652f537472756374456c656d0a2f532f446f63756d656e740a2f50203134203020520a2f50672031203020520a2f4b5b352030205220205d0a3e3e0a656e646f626a0a0a31342030206f626a0a3c3c2f547970652f53747275637454726565526f6f740a2f506172656e7454726565203135203020520a2f526f6c654d61703c3c2f507265666f726d6174746564233230546578742f500a3e3e0a2f4b5b342030205220205d0a3e3e0a656e646f626a0a0a31352030206f626a0a3c3c2f4e756d735b0a30205b203520302052205d0a5d3e3e0a656e646f626a0a0a362030206f626a0a3c3c2f547970652f50616765730a2f5265736f7572636573203133203020520a2f4b6964735b203120302052205d0a2f436f756e7420313e3e0a656e646f626a0a0a31362030206f626a0a3c3c2f547970652f436174616c6f672f50616765732036203020520a2f506167654d6f64652f5573654f75746c696e65730a2f4f70656e416374696f6e5b3120302052202f58595a206e756c6c206e756c6c20305d0a2f53747275637454726565526f6f74203134203020520a2f4c616e6728656e2d5553290a2f4d61726b496e666f3c3c2f4d61726b656420747275653e3e0a3e3e0a656e646f626a0a0a31372030206f626a0a3c3c2f43726561746f723c464546463030353730303732303036393030373430303635303037323e0a2f50726f64756365723c46454646303034433030363930303632303037323030363530303446303036363030363630303639303036333030363530303230303033323030333430303245303033323e0a2f4372656174696f6e4461746528443a32303235303131393130333631322b303127303027293e3e0a656e646f626a0a0a787265660a302031380a303030303030303030302036353533352066200a30303030303037383434203030303030206e200a30303030303030303139203030303030206e200a30303030303030323839203030303030206e200a30303030303038313134203030303030206e200a30303030303037393933203030303030206e200a30303030303038333438203030303030206e200a30303030303030333039203030303030206e200a30303030303036393138203030303030206e200a30303030303036393339203030303030206e200a30303030303037313332203030303030206e200a30303030303037353136203030303030206e200a30303030303037373535203030303030206e200a30303030303037373838203030303030206e200a30303030303038313936203030303030206e200a30303030303038333036203030303030206e200a30303030303038343232203030303030206e200a30303030303038353930203030303030206e200a747261696c65720a3c3c2f53697a652031382f526f6f74203136203020520a2f496e666f203137203020520a2f4944205b203c46443441453430464532464439393832343136314135333045304231353846423e0a3c46443441453430464532464439393832343136314135333045304231353846423e205d0a2f446f63436865636b73756d202f38394632354546383642313738453946333531384637363534323245413236460a3e3e0a7374617274787265660a383736390a2525454f460a');


--
-- Data for Name: flyway_schema_history; Type: TABLE DATA; Schema: public; Owner: -
--

INSERT INTO public.flyway_schema_history (installed_rank, version, description, type, script, checksum, installed_by, installed_on, execution_time, success) VALUES (1, '1', '', 'SQL', 'V1__.sql', -1876671062, 'evidence', '2024-12-27 07:18:22.450715', 31, true);
INSERT INTO public.flyway_schema_history (installed_rank, version, description, type, script, checksum, installed_by, installed_on, execution_time, success) VALUES (2, '2', 'constrains and odometer', 'SQL', 'V2__constrains_and_odometer.sql', 201013779, 'evidence', '2025-01-01 14:51:22.432607', 11, true);


--
-- Data for Name: repair_log; Type: TABLE DATA; Schema: public; Owner: -
--

INSERT INTO public.repair_log (id, creator, created_at, modified_at, deleted_at, content, repair_date, vehicle_id, odometer) VALUES (1, '3c001cac-23e4-412f-91ab-91b290d6a755', '2025-01-19 09:28:07.043678', NULL, NULL, 'Výmena oleja', '2011-02-15', 1, 12030);
INSERT INTO public.repair_log (id, creator, created_at, modified_at, deleted_at, content, repair_date, vehicle_id, odometer) VALUES (2, '3c001cac-23e4-412f-91ab-91b290d6a755', '2025-01-19 09:28:45.024471', NULL, NULL, 'Prezutie na letné pneu', '2011-05-04', 1, 14500);
INSERT INTO public.repair_log (id, creator, created_at, modified_at, deleted_at, content, repair_date, vehicle_id, odometer) VALUES (3, '3c001cac-23e4-412f-91ab-91b290d6a755', '2025-01-19 09:29:22.456882', NULL, NULL, 'Výmena filtrov', '2013-08-20', 1, 18947);
INSERT INTO public.repair_log (id, creator, created_at, modified_at, deleted_at, content, repair_date, vehicle_id, odometer) VALUES (4, '3c001cac-23e4-412f-91ab-91b290d6a755', '2025-01-19 09:30:00.813261', NULL, NULL, 'Oprava výfukového potrubia', '2020-11-10', 7, 148954);
INSERT INTO public.repair_log (id, creator, created_at, modified_at, deleted_at, content, repair_date, vehicle_id, odometer) VALUES (5, '3c001cac-23e4-412f-91ab-91b290d6a755', '2025-01-19 09:30:29.164255', NULL, NULL, 'Diagnostika', '2010-06-18', 10, 20480);
INSERT INTO public.repair_log (id, creator, created_at, modified_at, deleted_at, content, repair_date, vehicle_id, odometer) VALUES (6, '3c001cac-23e4-412f-91ab-91b290d6a755', '2025-01-19 09:30:52.960125', NULL, NULL, 'Oprava kúrenia', '1999-01-01', 4, 87568);
INSERT INTO public.repair_log (id, creator, created_at, modified_at, deleted_at, content, repair_date, vehicle_id, odometer) VALUES (7, '3c001cac-23e4-412f-91ab-91b290d6a755', '2025-01-19 09:31:14.657999', NULL, NULL, 'Výmena rozvodov', '2018-12-05', 12, 189000);
INSERT INTO public.repair_log (id, creator, created_at, modified_at, deleted_at, content, repair_date, vehicle_id, odometer) VALUES (8, '3c001cac-23e4-412f-91ab-91b290d6a755', '2025-01-19 09:31:46.747265', NULL, NULL, 'Vyváženie kolies', '2014-10-18', 14, 45000);
INSERT INTO public.repair_log (id, creator, created_at, modified_at, deleted_at, content, repair_date, vehicle_id, odometer) VALUES (9, '3c001cac-23e4-412f-91ab-91b290d6a755', '2025-01-19 09:32:13.51917', NULL, NULL, 'Vyváženie kolies', '2012-03-14', 14, 20800);
INSERT INTO public.repair_log (id, creator, created_at, modified_at, deleted_at, content, repair_date, vehicle_id, odometer) VALUES (10, '3c001cac-23e4-412f-91ab-91b290d6a755', '2025-01-19 09:32:57.863053', NULL, NULL, 'Výmena svetlometu', '2024-12-20', 10, 99000);
INSERT INTO public.repair_log (id, creator, created_at, modified_at, deleted_at, content, repair_date, vehicle_id, odometer) VALUES (11, '3c001cac-23e4-412f-91ab-91b290d6a755', '2025-01-19 09:33:33.565213', '2025-01-19 09:33:47.767486', NULL, 'Prehliadka pred STK/EK', '2025-01-03', 12, 250866);


--
-- Data for Name: vehicle; Type: TABLE DATA; Schema: public; Owner: -
--

INSERT INTO public.vehicle (id, creator, created_at, modified_at, deleted_at, registration_plate, customer_id, vin, engine_code, fuel_type, engine_power, engine_volume, battery_capacity, brand, model, year_of_manufacture) VALUES (1, '3c001cac-23e4-412f-91ab-91b290d6a755', '2025-01-17 20:22:47.639479', NULL, NULL, 'AA001AA', 4, 'VIN0000000000001', 'XYZ111', 'Benzin', 88, 1500, NULL, 'Super', 'Vozidlo', 2000);
INSERT INTO public.vehicle (id, creator, created_at, modified_at, deleted_at, registration_plate, customer_id, vin, engine_code, fuel_type, engine_power, engine_volume, battery_capacity, brand, model, year_of_manufacture) VALUES (2, '3c001cac-23e4-412f-91ab-91b290d6a755', '2025-01-17 20:23:06.148447', NULL, NULL, 'AA002AA', 4, NULL, NULL, NULL, NULL, NULL, 66, NULL, NULL, NULL);
INSERT INTO public.vehicle (id, creator, created_at, modified_at, deleted_at, registration_plate, customer_id, vin, engine_code, fuel_type, engine_power, engine_volume, battery_capacity, brand, model, year_of_manufacture) VALUES (3, '3c001cac-23e4-412f-91ab-91b290d6a755', '2025-01-17 20:24:07.968567', NULL, NULL, 'AB000AA', 5, 'VIN999999888', 'KOD8988', 'Elektrika', 154, NULL, 78, 'Nové', 'Vozidlo', 2023);
INSERT INTO public.vehicle (id, creator, created_at, modified_at, deleted_at, registration_plate, customer_id, vin, engine_code, fuel_type, engine_power, engine_volume, battery_capacity, brand, model, year_of_manufacture) VALUES (4, '3c001cac-23e4-412f-91ab-91b290d6a755', '2025-01-17 20:24:23.280889', NULL, NULL, 'AC000AA', 3, NULL, NULL, NULL, NULL, NULL, NULL, NULL, NULL, NULL);
INSERT INTO public.vehicle (id, creator, created_at, modified_at, deleted_at, registration_plate, customer_id, vin, engine_code, fuel_type, engine_power, engine_volume, battery_capacity, brand, model, year_of_manufacture) VALUES (5, '3c001cac-23e4-412f-91ab-91b290d6a755', '2025-01-17 20:24:38.47892', NULL, NULL, 'EE001HH', 12, NULL, NULL, NULL, NULL, NULL, NULL, NULL, NULL, NULL);
INSERT INTO public.vehicle (id, creator, created_at, modified_at, deleted_at, registration_plate, customer_id, vin, engine_code, fuel_type, engine_power, engine_volume, battery_capacity, brand, model, year_of_manufacture) VALUES (6, '3c001cac-23e4-412f-91ab-91b290d6a755', '2025-01-17 20:25:05.099423', NULL, NULL, 'FF001AA', 7, 'VIN777444555', NULL, 'Benzin', NULL, NULL, NULL, NULL, NULL, NULL);
INSERT INTO public.vehicle (id, creator, created_at, modified_at, deleted_at, registration_plate, customer_id, vin, engine_code, fuel_type, engine_power, engine_volume, battery_capacity, brand, model, year_of_manufacture) VALUES (7, '3c001cac-23e4-412f-91ab-91b290d6a755', '2025-01-17 20:25:19.085656', NULL, NULL, 'AA001BB', 2, NULL, NULL, NULL, NULL, NULL, NULL, NULL, NULL, NULL);
INSERT INTO public.vehicle (id, creator, created_at, modified_at, deleted_at, registration_plate, customer_id, vin, engine_code, fuel_type, engine_power, engine_volume, battery_capacity, brand, model, year_of_manufacture) VALUES (8, '3c001cac-23e4-412f-91ab-91b290d6a755', '2025-01-17 20:25:34.532879', NULL, NULL, 'AA002AA', 1, NULL, NULL, NULL, NULL, NULL, NULL, NULL, NULL, NULL);
INSERT INTO public.vehicle (id, creator, created_at, modified_at, deleted_at, registration_plate, customer_id, vin, engine_code, fuel_type, engine_power, engine_volume, battery_capacity, brand, model, year_of_manufacture) VALUES (9, '3c001cac-23e4-412f-91ab-91b290d6a755', '2025-01-17 20:25:49.331494', NULL, NULL, 'CC111CC', 1, NULL, NULL, NULL, NULL, NULL, NULL, NULL, NULL, NULL);
INSERT INTO public.vehicle (id, creator, created_at, modified_at, deleted_at, registration_plate, customer_id, vin, engine_code, fuel_type, engine_power, engine_volume, battery_capacity, brand, model, year_of_manufacture) VALUES (10, '3c001cac-23e4-412f-91ab-91b290d6a755', '2025-01-17 20:26:01.532605', NULL, NULL, 'AA002AA', 9, NULL, NULL, NULL, NULL, NULL, NULL, NULL, NULL, NULL);
INSERT INTO public.vehicle (id, creator, created_at, modified_at, deleted_at, registration_plate, customer_id, vin, engine_code, fuel_type, engine_power, engine_volume, battery_capacity, brand, model, year_of_manufacture) VALUES (11, '3c001cac-23e4-412f-91ab-91b290d6a755', '2025-01-17 20:26:19.869816', NULL, NULL, 'BB222CC', 11, NULL, NULL, NULL, NULL, NULL, NULL, NULL, NULL, NULL);
INSERT INTO public.vehicle (id, creator, created_at, modified_at, deleted_at, registration_plate, customer_id, vin, engine_code, fuel_type, engine_power, engine_volume, battery_capacity, brand, model, year_of_manufacture) VALUES (12, '3c001cac-23e4-412f-91ab-91b290d6a755', '2025-01-17 20:26:50.741905', NULL, NULL, 'BB444AA', 6, NULL, NULL, 'Nafta', 90, 1600, NULL, NULL, NULL, 1999);
INSERT INTO public.vehicle (id, creator, created_at, modified_at, deleted_at, registration_plate, customer_id, vin, engine_code, fuel_type, engine_power, engine_volume, battery_capacity, brand, model, year_of_manufacture) VALUES (13, '3c001cac-23e4-412f-91ab-91b290d6a755', '2025-01-17 20:27:10.146502', NULL, NULL, 'GG999AA', 6, NULL, NULL, NULL, NULL, NULL, NULL, NULL, NULL, NULL);
INSERT INTO public.vehicle (id, creator, created_at, modified_at, deleted_at, registration_plate, customer_id, vin, engine_code, fuel_type, engine_power, engine_volume, battery_capacity, brand, model, year_of_manufacture) VALUES (14, '3c001cac-23e4-412f-91ab-91b290d6a755', '2025-01-17 20:27:59.114473', NULL, NULL, 'BB987CC', 13, NULL, NULL, 'Elektrika', NULL, NULL, 90, NULL, NULL, NULL);


--
-- Name: sq_attachment; Type: SEQUENCE SET; Schema: public; Owner: -
--

SELECT pg_catalog.setval('public.sq_attachment', 3, true);


--
-- Name: sq_customer; Type: SEQUENCE SET; Schema: public; Owner: -
--

SELECT pg_catalog.setval('public.sq_customer', 13, true);


--
-- Name: sq_repair_log; Type: SEQUENCE SET; Schema: public; Owner: -
--

SELECT pg_catalog.setval('public.sq_repair_log', 11, true);


--
-- Name: sq_vehicle; Type: SEQUENCE SET; Schema: public; Owner: -
--

SELECT pg_catalog.setval('public.sq_vehicle', 14, true);


--
-- Name: flyway_schema_history flyway_schema_history_pk; Type: CONSTRAINT; Schema: public; Owner: -
--

ALTER TABLE ONLY public.flyway_schema_history
    ADD CONSTRAINT flyway_schema_history_pk PRIMARY KEY (installed_rank);


--
-- Name: attachment pk_attachment; Type: CONSTRAINT; Schema: public; Owner: -
--

ALTER TABLE ONLY public.attachment
    ADD CONSTRAINT pk_attachment PRIMARY KEY (id);


--
-- Name: customer pk_customer; Type: CONSTRAINT; Schema: public; Owner: -
--

ALTER TABLE ONLY public.customer
    ADD CONSTRAINT pk_customer PRIMARY KEY (id);


--
-- Name: file pk_file; Type: CONSTRAINT; Schema: public; Owner: -
--

ALTER TABLE ONLY public.file
    ADD CONSTRAINT pk_file PRIMARY KEY (id);


--
-- Name: repair_log pk_repair_log; Type: CONSTRAINT; Schema: public; Owner: -
--

ALTER TABLE ONLY public.repair_log
    ADD CONSTRAINT pk_repair_log PRIMARY KEY (id);


--
-- Name: vehicle pk_vehicle; Type: CONSTRAINT; Schema: public; Owner: -
--

ALTER TABLE ONLY public.vehicle
    ADD CONSTRAINT pk_vehicle PRIMARY KEY (id);


--
-- Name: repair_log uc_repair_log_repair; Type: CONSTRAINT; Schema: public; Owner: -
--

ALTER TABLE ONLY public.repair_log
    ADD CONSTRAINT uc_repair_log_repair UNIQUE NULLS NOT DISTINCT (repair_date, vehicle_id, deleted_at);


--
-- Name: vehicle uc_vehicle_registration_plate; Type: CONSTRAINT; Schema: public; Owner: -
--

ALTER TABLE ONLY public.vehicle
    ADD CONSTRAINT uc_vehicle_registration_plate UNIQUE NULLS NOT DISTINCT (customer_id, registration_plate, deleted_at);


--
-- Name: flyway_schema_history_s_idx; Type: INDEX; Schema: public; Owner: -
--

CREATE INDEX flyway_schema_history_s_idx ON public.flyway_schema_history USING btree (success);


--
-- Name: attachment fk_attachment_on_repair_log; Type: FK CONSTRAINT; Schema: public; Owner: -
--

ALTER TABLE ONLY public.attachment
    ADD CONSTRAINT fk_attachment_on_repair_log FOREIGN KEY (repair_log_id) REFERENCES public.repair_log(id);


--
-- Name: file fk_file_on_id; Type: FK CONSTRAINT; Schema: public; Owner: -
--

ALTER TABLE ONLY public.file
    ADD CONSTRAINT fk_file_on_id FOREIGN KEY (id) REFERENCES public.attachment(id);


--
-- Name: repair_log fk_repair_log_on_vehicle; Type: FK CONSTRAINT; Schema: public; Owner: -
--

ALTER TABLE ONLY public.repair_log
    ADD CONSTRAINT fk_repair_log_on_vehicle FOREIGN KEY (vehicle_id) REFERENCES public.vehicle(id);


--
-- Name: vehicle fk_vehicle_on_customer; Type: FK CONSTRAINT; Schema: public; Owner: -
--

ALTER TABLE ONLY public.vehicle
    ADD CONSTRAINT fk_vehicle_on_customer FOREIGN KEY (customer_id) REFERENCES public.customer(id);


--
-- PostgreSQL database dump complete
--

